{"cameraMode":{"drawMode":0,"name":"Shaded","section":"Shading Mode"},"sceneLighting":false,"audioPlay":false,"sceneViewState":{"showFog":true,"showMaterialUpdate":false,"showSkybox":false,"showFlares":true,"showImageEffects":true,"showParticleSystems":true},"in2DMode":false,"pivot":{"x":-6.309999942779541,"y":1.0462121963500977,"z":0.036230266094207767},"rotation":{"x":-0.18494807183742524,"y":-0.6851291060447693,"z":0.1865544319152832,"w":-0.6794258952140808},"size":2.388422966003418,"orthographic":false}